16.1.32.132,Mathieu
16.1.32.133,Hugo/Bruno
16.1.32.134,seb/emilien
16.1.32.135,Seb
16.1.32.136,Bruno/Cirrus
16.1.32.137,Bruno/Cirrus
16.1.32.138,Bruno/Cirrus
16.1.32.139,Bruno/Cirrus
16.1.32.140,Bruno/Cirrus
16.1.32.141,Bruno/Cirrus
16.1.32.142,Seb/Emilien
16.1.32.143,Bruno/Nathalie
16.1.32.144,Nathalie
16.1.32.145,no owner
16.1.32.146,Thierry
16.1.32.147,no owner
16.1.32.148,Bruno/Cirrus
16.1.32.149,Bruno/Cirrus
16.1.32.150,no owner
16.1.32.151,no owner
16.1.32.152,no owner
16.1.32.153,bruno - ph - Thierry
16.1.32.154,no owner
16.1.32.155,no owner
16.1.32.156,no owner
16.1.32.157,Philippe/Nathalie
16.1.32.158,no owner
16.1.32.159,no owner
16.1.32.160,no owner
16.1.32.161,Nathalie
16.1.32.162,no owner
16.1.32.163,Cedric 
16.1.32.164,no owner
16.1.32.165,Nathalie/Teo
16.1.32.166,Nathalie/Teo
16.1.32.167,no owner
16.1.32.168,no owner
16.1.32.169,no owner
16.1.32.170,Nathalie
16.1.32.171,Nathalie
16.1.32.172,Nathalie/theo
16.1.32.173,Nathalie
16.1.32.174,no owner
16.1.32.175,no owner
16.1.32.176,no owner
16.1.32.177,no owner
16.1.32.178,no owner
16.1.32.179,bruno - ph - Thierry
16.1.32.180,Gallig
16.1.32.181,no owner
16.1.32.182,no owner
16.1.32.183,no owner
16.1.32.184,no owner
16.1.32.185,no owner
16.1.32.186,bruno - ph - Thierry
16.1.32.187,bruno - ph - Thierry
16.1.32.188,no owner
16.1.32.189,no owner
16.1.32.190,no owner
16.1.32.191,no owner
16.1.32.192,no owner
16.1.32.193,no owner
16.1.32.194,no owner
16.1.32.195,no owner
16.1.32.196,no owner
16.1.32.197,no owner
16.1.32.198,no owner
16.1.32.199,no owner
16.1.32.200,Mathieu
16.1.32.201,no owner
16.1.32.202,no owner
16.1.32.203,no owner
16.1.32.204,no owner
16.1.32.205,no owner
16.1.32.206,no owner
16.1.32.207,no owner
16.1.32.208,no owner
16.1.32.209,no owner
16.1.32.210,no owner
16.1.32.211,no owner
16.1.32.212,no owner
16.1.32.213,no owner
16.1.32.214,no owner
16.1.32.215,no owner
16.1.32.216,no owner
16.1.32.217,no owner
16.1.32.218,no owner
16.1.32.219,no owner
16.1.32.220,no owner
16.1.32.221,Frederic Passeron
16.1.32.222,Frederic Passeron
16.1.32.223,Frederic Passeron
16.1.32.224,no owner
16.1.32.225,no owner
16.1.32.226,no owner
16.1.32.227,no owner
16.1.32.228,no owner
16.1.32.229,no owner
16.1.32.230,no owner
16.1.32.231,no owner
16.1.32.232,no owner
16.1.32.233,no owner
16.1.32.234,no owner
16.1.32.235,no owner
16.1.32.236,no owner
16.1.32.237,no owner
16.1.32.238,no owner
16.1.32.239,no owner
16.1.32.240,no owner
16.1.32.241,no owner
16.1.32.242,no owner
16.1.32.243,no owner
16.1.32.244,no owner
16.1.32.245,no owner
16.1.32.246,no owner
16.1.32.247,no owner
16.1.32.248,no owner
16.1.32.249,no owner
16.1.32.250,no owner
16.1.32.251,no owner
16.1.32.252,no owner
16.1.32.253,no owner
